Genre,Reviews
Fiction,15683.791666666666
Non Fiction,9065.145161290322
